{
    "counter": {
        "ACTIVE": 3158,
        "INACTIVE": 63,
        "INVALID": 0,
        "MALICIOUS": 0,
        "SANE": 0,
        "VALID": 0,
        "total": 3221
    },
    "percentage": {
        "ACTIVE": 98.04408568767464,
        "INACTIVE": 4.172185430463577,
        "INVALID": 0,
        "MALICIOUS": 0,
        "SANE": 0,
        "VALID": 0,
        "total": 102.21627111813821
    }
}