{
    "counter": {
        "ACTIVE": 3767,
        "INACTIVE": 1,
        "INVALID": 0,
        "MALICIOUS": 0,
        "SANE": 0,
        "VALID": 0,
        "total": 3768
    },
    "percentage": {
        "ACTIVE": 99.97346072186836,
        "INACTIVE": 0.03812428516965307,
        "INVALID": 0,
        "MALICIOUS": 0,
        "SANE": 0,
        "VALID": 0,
        "total": 100.01158500703802
    }
}