{
    "counter": {
        "ACTIVE": 3755,
        "INACTIVE": 1,
        "INVALID": 0,
        "MALICIOUS": 0,
        "SANE": 0,
        "VALID": 0,
        "total": 3756
    },
    "percentage": {
        "ACTIVE": 99.97337593184238,
        "INACTIVE": 0.4716981132075472,
        "INVALID": 0,
        "MALICIOUS": 0,
        "SANE": 0,
        "VALID": 0,
        "total": 100.44507404504994
    }
}