{
    "counter": {
        "ACTIVE": 3635,
        "INACTIVE": 1,
        "INVALID": 0,
        "MALICIOUS": 0,
        "SANE": 0,
        "VALID": 0,
        "total": 3636
    },
    "percentage": {
        "ACTIVE": 99.97249724972497,
        "INACTIVE": 0.05414185165132648,
        "INVALID": 0,
        "MALICIOUS": 0,
        "SANE": 0,
        "VALID": 0,
        "total": 100.02663910137629
    }
}