{
    "counter": {
        "ACTIVE": 3771,
        "INACTIVE": 7,
        "INVALID": 0,
        "MALICIOUS": 0,
        "SANE": 0,
        "VALID": 0,
        "total": 3778
    },
    "percentage": {
        "ACTIVE": 99.8147167813658,
        "INACTIVE": 0.20796197266785502,
        "INVALID": 0,
        "MALICIOUS": 0,
        "SANE": 0,
        "VALID": 0,
        "total": 100.02267875403366
    }
}