{
    "counter": {
        "ACTIVE": 1979,
        "INACTIVE": 1,
        "INVALID": 0,
        "MALICIOUS": 0,
        "SANE": 0,
        "VALID": 0,
        "total": 1980
    },
    "percentage": {
        "ACTIVE": 99.94949494949495,
        "INACTIVE": 0.1620745542949757,
        "INVALID": 0,
        "MALICIOUS": 0,
        "SANE": 0,
        "VALID": 0,
        "total": 100.11156950378992
    }
}