{
    "counter": {
        "ACTIVE": 2083,
        "INACTIVE": 2,
        "INVALID": 0,
        "MALICIOUS": 0,
        "SANE": 0,
        "VALID": 0,
        "total": 2085
    },
    "percentage": {
        "ACTIVE": 99.9040767386091,
        "INACTIVE": 0.34071550255536626,
        "INVALID": 0,
        "MALICIOUS": 0,
        "SANE": 0,
        "VALID": 0,
        "total": 100.24479224116448
    }
}