{
    "counter": {
        "ACTIVE": 3799,
        "INACTIVE": 1,
        "INVALID": 0,
        "MALICIOUS": 0,
        "SANE": 0,
        "VALID": 0,
        "total": 3800
    },
    "percentage": {
        "ACTIVE": 99.97368421052632,
        "INACTIVE": 0.0337609723160027,
        "INVALID": 0,
        "MALICIOUS": 0,
        "SANE": 0,
        "VALID": 0,
        "total": 100.00744518284232
    }
}