{
    "counter": {
        "ACTIVE": 1292,
        "INACTIVE": 15,
        "INVALID": 0,
        "MALICIOUS": 0,
        "SANE": 0,
        "VALID": 0,
        "total": 1307
    },
    "percentage": {
        "ACTIVE": 98.85233358837031,
        "INACTIVE": 1.3146362839614374,
        "INVALID": 0,
        "MALICIOUS": 0,
        "SANE": 0,
        "VALID": 0,
        "total": 100.16696987233175
    }
}