{
    "counter": {
        "ACTIVE": 2079,
        "INACTIVE": 3,
        "INVALID": 0,
        "MALICIOUS": 0,
        "SANE": 0,
        "VALID": 0,
        "total": 2082
    },
    "percentage": {
        "ACTIVE": 99.85590778097983,
        "INACTIVE": 0.4934210526315789,
        "INVALID": 0,
        "MALICIOUS": 0,
        "SANE": 0,
        "VALID": 0,
        "total": 100.34932883361141
    }
}