{
    "counter": {
        "ACTIVE": 1582,
        "INACTIVE": 99,
        "INVALID": 0,
        "MALICIOUS": 0,
        "SANE": 0,
        "VALID": 0,
        "total": 1681
    },
    "percentage": {
        "ACTIVE": 94.11064842355741,
        "INACTIVE": 6.702775897088693,
        "INVALID": 0,
        "MALICIOUS": 0,
        "SANE": 0,
        "VALID": 0,
        "total": 100.8134243206461
    }
}