{
    "counter": {
        "ACTIVE": 2038,
        "INACTIVE": 1,
        "INVALID": 0,
        "MALICIOUS": 0,
        "SANE": 0,
        "VALID": 0,
        "total": 2039
    },
    "percentage": {
        "ACTIVE": 99.95095635115253,
        "INACTIVE": 0.05414185165132648,
        "INVALID": 0,
        "MALICIOUS": 0,
        "SANE": 0,
        "VALID": 0,
        "total": 100.00509820280385
    }
}