{
    "counter": {
        "ACTIVE": 3608,
        "INACTIVE": 29,
        "INVALID": 0,
        "MALICIOUS": 0,
        "SANE": 0,
        "VALID": 0,
        "total": 3637
    },
    "percentage": {
        "ACTIVE": 99.20263953808083,
        "INACTIVE": 0.871132472213878,
        "INVALID": 0,
        "MALICIOUS": 0,
        "SANE": 0,
        "VALID": 0,
        "total": 100.0737720102947
    }
}