{
    "counter": {
        "ACTIVE": 3697,
        "INACTIVE": 1,
        "INVALID": 0,
        "MALICIOUS": 0,
        "SANE": 0,
        "VALID": 0,
        "total": 3698
    },
    "percentage": {
        "ACTIVE": 99.97295835586803,
        "INACTIVE": 0.03855050115651504,
        "INVALID": 0,
        "MALICIOUS": 0,
        "SANE": 0,
        "VALID": 0,
        "total": 100.01150885702455
    }
}