{
    "counter": {
        "ACTIVE": 1559,
        "INACTIVE": 6,
        "INVALID": 0,
        "MALICIOUS": 0,
        "SANE": 0,
        "VALID": 0,
        "total": 1565
    },
    "percentage": {
        "ACTIVE": 99.61661341853035,
        "INACTIVE": 0.5123825789923142,
        "INVALID": 0,
        "MALICIOUS": 0,
        "SANE": 0,
        "VALID": 0,
        "total": 100.12899599752267
    }
}