{
    "counter": {
        "ACTIVE": 3762,
        "INACTIVE": 3,
        "INVALID": 0,
        "MALICIOUS": 0,
        "SANE": 0,
        "VALID": 0,
        "total": 3765
    },
    "percentage": {
        "ACTIVE": 99.9203187250996,
        "INACTIVE": 0.08818342151675485,
        "INVALID": 0,
        "MALICIOUS": 0,
        "SANE": 0,
        "VALID": 0,
        "total": 100.00850214661637
    }
}