{
    "counter": {
        "ACTIVE": 1121,
        "INACTIVE": 37,
        "INVALID": 0,
        "MALICIOUS": 0,
        "SANE": 0,
        "VALID": 0,
        "total": 1158
    },
    "percentage": {
        "ACTIVE": 96.80483592400691,
        "INACTIVE": 3.8865546218487395,
        "INVALID": 0,
        "MALICIOUS": 0,
        "SANE": 0,
        "VALID": 0,
        "total": 100.69139054585565
    }
}