{
    "counter": {
        "ACTIVE": 3006,
        "INACTIVE": 4,
        "INVALID": 0,
        "MALICIOUS": 0,
        "SANE": 0,
        "VALID": 0,
        "total": 3010
    },
    "percentage": {
        "ACTIVE": 99.8671096345515,
        "INACTIVE": 0.13986013986013987,
        "INVALID": 0,
        "MALICIOUS": 0,
        "SANE": 0,
        "VALID": 0,
        "total": 100.00696977441163
    }
}