{
    "counter": {
        "ACTIVE": 2075,
        "INACTIVE": 1,
        "INVALID": 0,
        "MALICIOUS": 0,
        "SANE": 0,
        "VALID": 0,
        "total": 2076
    },
    "percentage": {
        "ACTIVE": 99.95183044315992,
        "INACTIVE": 0.4716981132075472,
        "INVALID": 0,
        "MALICIOUS": 0,
        "SANE": 0,
        "VALID": 0,
        "total": 100.42352855636747
    }
}