{
    "counter": {
        "ACTIVE": 3761,
        "INACTIVE": 2,
        "INVALID": 0,
        "MALICIOUS": 0,
        "SANE": 0,
        "VALID": 0,
        "total": 3763
    },
    "percentage": {
        "ACTIVE": 99.94685091682169,
        "INACTIVE": 0.06640106241699867,
        "INVALID": 0,
        "MALICIOUS": 0,
        "SANE": 0,
        "VALID": 0,
        "total": 100.01325197923869
    }
}