{
    "counter": {
        "ACTIVE": 643,
        "INACTIVE": 11,
        "INVALID": 0,
        "MALICIOUS": 0,
        "SANE": 0,
        "VALID": 0,
        "total": 654
    },
    "percentage": {
        "ACTIVE": 98.31804281345566,
        "INACTIVE": 1.8363939899833055,
        "INVALID": 0,
        "MALICIOUS": 0,
        "SANE": 0,
        "VALID": 0,
        "total": 100.15443680343897
    }
}