{
    "counter": {
        "ACTIVE": 2072,
        "INACTIVE": 1,
        "INVALID": 0,
        "MALICIOUS": 0,
        "SANE": 0,
        "VALID": 0,
        "total": 2073
    },
    "percentage": {
        "ACTIVE": 99.95176073323685,
        "INACTIVE": 0.04987531172069826,
        "INVALID": 0,
        "MALICIOUS": 0,
        "SANE": 0,
        "VALID": 0,
        "total": 100.00163604495755
    }
}