{
    "counter": {
        "ACTIVE": 3782,
        "INACTIVE": 7,
        "INVALID": 0,
        "MALICIOUS": 0,
        "SANE": 0,
        "VALID": 0,
        "total": 3789
    },
    "percentage": {
        "ACTIVE": 99.81525468461335,
        "INACTIVE": 1.192504258943782,
        "INVALID": 0,
        "MALICIOUS": 0,
        "SANE": 0,
        "VALID": 0,
        "total": 101.00775894355714
    }
}