{
    "counter": {
        "ACTIVE": 3770,
        "INACTIVE": 1,
        "INVALID": 0,
        "MALICIOUS": 0,
        "SANE": 0,
        "VALID": 0,
        "total": 3771
    },
    "percentage": {
        "ACTIVE": 99.97348183505702,
        "INACTIVE": 0.05970149253731343,
        "INVALID": 0,
        "MALICIOUS": 0,
        "SANE": 0,
        "VALID": 0,
        "total": 100.03318332759433
    }
}