{
    "counter": {
        "ACTIVE": 2648,
        "INACTIVE": 2,
        "INVALID": 0,
        "MALICIOUS": 0,
        "SANE": 0,
        "VALID": 0,
        "total": 2650
    },
    "percentage": {
        "ACTIVE": 99.9245283018868,
        "INACTIVE": 0.15313935681470137,
        "INVALID": 0,
        "MALICIOUS": 0,
        "SANE": 0,
        "VALID": 0,
        "total": 100.0776676587015
    }
}