{
    "counter": {
        "ACTIVE": 3790,
        "INACTIVE": 2,
        "INVALID": 0,
        "MALICIOUS": 0,
        "SANE": 0,
        "VALID": 0,
        "total": 3792
    },
    "percentage": {
        "ACTIVE": 99.94725738396625,
        "INACTIVE": 0.06480881399870382,
        "INVALID": 0,
        "MALICIOUS": 0,
        "SANE": 0,
        "VALID": 0,
        "total": 100.01206619796496
    }
}