{
    "counter": {
        "ACTIVE": 2742,
        "INACTIVE": 1,
        "INVALID": 0,
        "MALICIOUS": 0,
        "SANE": 0,
        "VALID": 0,
        "total": 2743
    },
    "percentage": {
        "ACTIVE": 99.9635435654393,
        "INACTIVE": 0.04310344827586207,
        "INVALID": 0,
        "MALICIOUS": 0,
        "SANE": 0,
        "VALID": 0,
        "total": 100.00664701371515
    }
}