{
    "counter": {
        "ACTIVE": 1082,
        "INACTIVE": 14,
        "INVALID": 0,
        "MALICIOUS": 0,
        "SANE": 0,
        "VALID": 0,
        "total": 1096
    },
    "percentage": {
        "ACTIVE": 98.72262773722628,
        "INACTIVE": 1.8791946308724832,
        "INVALID": 0,
        "MALICIOUS": 0,
        "SANE": 0,
        "VALID": 0,
        "total": 100.60182236809877
    }
}