{
    "counter": {
        "ACTIVE": 2901,
        "INACTIVE": 138,
        "INVALID": 0,
        "MALICIOUS": 0,
        "SANE": 0,
        "VALID": 0,
        "total": 3039
    },
    "percentage": {
        "ACTIVE": 95.45903257650544,
        "INACTIVE": 9.120951751487112,
        "INVALID": 0,
        "MALICIOUS": 0,
        "SANE": 0,
        "VALID": 0,
        "total": 104.57998432799255
    }
}