{
    "counter": {
        "ACTIVE": 3754,
        "INACTIVE": 2,
        "INVALID": 0,
        "MALICIOUS": 0,
        "SANE": 0,
        "VALID": 0,
        "total": 3756
    },
    "percentage": {
        "ACTIVE": 99.94675186368477,
        "INACTIVE": 0.15313935681470137,
        "INVALID": 0,
        "MALICIOUS": 0,
        "SANE": 0,
        "VALID": 0,
        "total": 100.09989122049947
    }
}