{
    "counter": {
        "ACTIVE": 3206,
        "INACTIVE": 1,
        "INVALID": 0,
        "MALICIOUS": 0,
        "SANE": 0,
        "VALID": 0,
        "total": 3207
    },
    "percentage": {
        "ACTIVE": 99.96881821016527,
        "INACTIVE": 0.03812428516965307,
        "INVALID": 0,
        "MALICIOUS": 0,
        "SANE": 0,
        "VALID": 0,
        "total": 100.00694249533493
    }
}