{
    "counter": {
        "ACTIVE": 3761,
        "INACTIVE": 8,
        "INVALID": 0,
        "MALICIOUS": 0,
        "SANE": 0,
        "VALID": 0,
        "total": 3769
    },
    "percentage": {
        "ACTIVE": 99.78774210665959,
        "INACTIVE": 1.0389610389610389,
        "INVALID": 0,
        "MALICIOUS": 0,
        "SANE": 0,
        "VALID": 0,
        "total": 100.82670314562063
    }
}