{
    "counter": {
        "ACTIVE": 87,
        "INACTIVE": 4,
        "INVALID": 0,
        "MALICIOUS": 0,
        "SANE": 0,
        "VALID": 0,
        "total": 91
    },
    "percentage": {
        "ACTIVE": 95.6043956043956,
        "INACTIVE": 4.49438202247191,
        "INVALID": 0,
        "MALICIOUS": 0,
        "SANE": 0,
        "VALID": 0,
        "total": 100.09877762686752
    }
}