{
    "counter": {
        "ACTIVE": 3600,
        "INACTIVE": 8,
        "INVALID": 0,
        "MALICIOUS": 0,
        "SANE": 0,
        "VALID": 0,
        "total": 3608
    },
    "percentage": {
        "ACTIVE": 99.77827050997783,
        "INACTIVE": 1.0389610389610389,
        "INVALID": 0,
        "MALICIOUS": 0,
        "SANE": 0,
        "VALID": 0,
        "total": 100.81723154893886
    }
}