{
    "counter": {
        "ACTIVE": 3639,
        "INACTIVE": 1,
        "INVALID": 0,
        "MALICIOUS": 0,
        "SANE": 0,
        "VALID": 0,
        "total": 3640
    },
    "percentage": {
        "ACTIVE": 99.97252747252747,
        "INACTIVE": 0.0337609723160027,
        "INVALID": 0,
        "MALICIOUS": 0,
        "SANE": 0,
        "VALID": 0,
        "total": 100.00628844484348
    }
}