{
    "counter": {
        "ACTIVE": 1514,
        "INACTIVE": 20,
        "INVALID": 0,
        "MALICIOUS": 0,
        "SANE": 0,
        "VALID": 0,
        "total": 1534
    },
    "percentage": {
        "ACTIVE": 98.69621903520209,
        "INACTIVE": 1.3783597518952446,
        "INVALID": 0,
        "MALICIOUS": 0,
        "SANE": 0,
        "VALID": 0,
        "total": 100.07457878709734
    }
}