{
    "counter": {
        "ACTIVE": 2827,
        "INACTIVE": 2,
        "INVALID": 0,
        "MALICIOUS": 0,
        "SANE": 0,
        "VALID": 0,
        "total": 2829
    },
    "percentage": {
        "ACTIVE": 99.9293036408625,
        "INACTIVE": 0.0761904761904762,
        "INVALID": 0,
        "MALICIOUS": 0,
        "SANE": 0,
        "VALID": 0,
        "total": 100.00549411705298
    }
}