{
    "counter": {
        "ACTIVE": 3604,
        "INACTIVE": 12,
        "INVALID": 0,
        "MALICIOUS": 0,
        "SANE": 0,
        "VALID": 0,
        "total": 3616
    },
    "percentage": {
        "ACTIVE": 99.66814159292035,
        "INACTIVE": 0.3451251078515962,
        "INVALID": 0,
        "MALICIOUS": 0,
        "SANE": 0,
        "VALID": 0,
        "total": 100.01326670077195
    }
}