{
    "counter": {
        "ACTIVE": 1593,
        "INACTIVE": 1,
        "INVALID": 0,
        "MALICIOUS": 0,
        "SANE": 0,
        "VALID": 0,
        "total": 1594
    },
    "percentage": {
        "ACTIVE": 99.93726474278544,
        "INACTIVE": 0.06333122229259025,
        "INVALID": 0,
        "MALICIOUS": 0,
        "SANE": 0,
        "VALID": 0,
        "total": 100.00059596507803
    }
}