{
    "counter": {
        "ACTIVE": 3210,
        "INACTIVE": 1,
        "INVALID": 0,
        "MALICIOUS": 0,
        "SANE": 0,
        "VALID": 0,
        "total": 3211
    },
    "percentage": {
        "ACTIVE": 99.9688570538773,
        "INACTIVE": 0.4716981132075472,
        "INVALID": 0,
        "MALICIOUS": 0,
        "SANE": 0,
        "VALID": 0,
        "total": 100.44055516708485
    }
}