{
    "counter": {
        "ACTIVE": 1486,
        "INACTIVE": 8,
        "INVALID": 0,
        "MALICIOUS": 0,
        "SANE": 0,
        "VALID": 0,
        "total": 1494
    },
    "percentage": {
        "ACTIVE": 99.46452476572958,
        "INACTIVE": 1.0389610389610389,
        "INVALID": 0,
        "MALICIOUS": 0,
        "SANE": 0,
        "VALID": 0,
        "total": 100.50348580469061
    }
}