{
    "counter": {
        "ACTIVE": 1529,
        "INACTIVE": 28,
        "INVALID": 0,
        "MALICIOUS": 0,
        "SANE": 0,
        "VALID": 0,
        "total": 1557
    },
    "percentage": {
        "ACTIVE": 98.20166987797046,
        "INACTIVE": 2.014388489208633,
        "INVALID": 0,
        "MALICIOUS": 0,
        "SANE": 0,
        "VALID": 0,
        "total": 100.21605836717909
    }
}