{
    "counter": {
        "ACTIVE": 3781,
        "INACTIVE": 130,
        "INVALID": 0,
        "MALICIOUS": 0,
        "SANE": 0,
        "VALID": 0,
        "total": 3911
    },
    "percentage": {
        "ACTIVE": 96.67604193300946,
        "INACTIVE": 8.58085808580858,
        "INVALID": 0,
        "MALICIOUS": 0,
        "SANE": 0,
        "VALID": 0,
        "total": 105.25690001881804
    }
}