{
    "counter": {
        "ACTIVE": 1374,
        "INACTIVE": 117,
        "INVALID": 0,
        "MALICIOUS": 0,
        "SANE": 0,
        "VALID": 0,
        "total": 1491
    },
    "percentage": {
        "ACTIVE": 93.08943089430895,
        "INACTIVE": 7.847082494969819,
        "INVALID": 0,
        "MALICIOUS": 0,
        "SANE": 0,
        "VALID": 0,
        "total": 100.93651338927877
    }
}