{
    "counter": {
        "ACTIVE": 1629,
        "INACTIVE": 99,
        "INVALID": 0,
        "MALICIOUS": 0,
        "SANE": 0,
        "VALID": 0,
        "total": 1728
    },
    "percentage": {
        "ACTIVE": 94.27083333333333,
        "INACTIVE": 6.702775897088693,
        "INVALID": 0,
        "MALICIOUS": 0,
        "SANE": 0,
        "VALID": 0,
        "total": 100.97360923042203
    }
}