{
    "counter": {
        "ACTIVE": 1226,
        "INACTIVE": 127,
        "INVALID": 0,
        "MALICIOUS": 0,
        "SANE": 0,
        "VALID": 0,
        "total": 1353
    },
    "percentage": {
        "ACTIVE": 90.61345158906134,
        "INACTIVE": 9.428359317000742,
        "INVALID": 0,
        "MALICIOUS": 0,
        "SANE": 0,
        "VALID": 0,
        "total": 100.04181090606208
    }
}