{
    "counter": {
        "ACTIVE": 3052,
        "INACTIVE": 1,
        "INVALID": 0,
        "MALICIOUS": 0,
        "SANE": 0,
        "VALID": 0,
        "total": 3053
    },
    "percentage": {
        "ACTIVE": 99.96724533245988,
        "INACTIVE": 0.06333122229259025,
        "INVALID": 0,
        "MALICIOUS": 0,
        "SANE": 0,
        "VALID": 0,
        "total": 100.03057655475247
    }
}