{
    "counter": {
        "ACTIVE": 3106,
        "INACTIVE": 6,
        "INVALID": 0,
        "MALICIOUS": 0,
        "SANE": 0,
        "VALID": 0,
        "total": 3112
    },
    "percentage": {
        "ACTIVE": 99.80719794344473,
        "INACTIVE": 0.5123825789923142,
        "INVALID": 0,
        "MALICIOUS": 0,
        "SANE": 0,
        "VALID": 0,
        "total": 100.31958052243705
    }
}