{
    "counter": {
        "ACTIVE": 2374,
        "INACTIVE": 130,
        "INVALID": 0,
        "MALICIOUS": 0,
        "SANE": 0,
        "VALID": 0,
        "total": 2504
    },
    "percentage": {
        "ACTIVE": 94.80830670926518,
        "INACTIVE": 8.58085808580858,
        "INVALID": 0,
        "MALICIOUS": 0,
        "SANE": 0,
        "VALID": 0,
        "total": 103.38916479507377
    }
}