{
    "counter": {
        "ACTIVE": 3739,
        "INACTIVE": 2,
        "INVALID": 0,
        "MALICIOUS": 0,
        "SANE": 0,
        "VALID": 0,
        "total": 3741
    },
    "percentage": {
        "ACTIVE": 99.94653835872761,
        "INACTIVE": 0.34071550255536626,
        "INVALID": 0,
        "MALICIOUS": 0,
        "SANE": 0,
        "VALID": 0,
        "total": 100.28725386128298
    }
}