{
    "counter": {
        "ACTIVE": 951,
        "INACTIVE": 43,
        "INVALID": 0,
        "MALICIOUS": 0,
        "SANE": 0,
        "VALID": 0,
        "total": 994
    },
    "percentage": {
        "ACTIVE": 95.67404426559357,
        "INACTIVE": 4.799107142857143,
        "INVALID": 0,
        "MALICIOUS": 0,
        "SANE": 0,
        "VALID": 0,
        "total": 100.4731514084507
    }
}