{
    "counter": {
        "ACTIVE": 299,
        "INACTIVE": 12,
        "INVALID": 0,
        "MALICIOUS": 0,
        "SANE": 0,
        "VALID": 0,
        "total": 311
    },
    "percentage": {
        "ACTIVE": 96.14147909967846,
        "INACTIVE": 5.286343612334802,
        "INVALID": 0,
        "MALICIOUS": 0,
        "SANE": 0,
        "VALID": 0,
        "total": 101.42782271201327
    }
}