{
    "counter": {
        "ACTIVE": 3688,
        "INACTIVE": 1,
        "INVALID": 0,
        "MALICIOUS": 0,
        "SANE": 0,
        "VALID": 0,
        "total": 3689
    },
    "percentage": {
        "ACTIVE": 99.97289238275955,
        "INACTIVE": 0.027107617240444564,
        "INVALID": 0.0,
        "MALICIOUS": 0.0,
        "SANE": 0.0,
        "VALID": 0.0,
        "total": 100.0
    }
}