{
    "counter": {
        "ACTIVE": 3634,
        "INACTIVE": 3,
        "INVALID": 0,
        "MALICIOUS": 0,
        "SANE": 0,
        "VALID": 0,
        "total": 3637
    },
    "percentage": {
        "ACTIVE": 99.91751443497388,
        "INACTIVE": 0.4934210526315789,
        "INVALID": 0,
        "MALICIOUS": 0,
        "SANE": 0,
        "VALID": 0,
        "total": 100.41093548760546
    }
}