{
    "counter": {
        "ACTIVE": 1439,
        "INACTIVE": 7,
        "INVALID": 0,
        "MALICIOUS": 0,
        "SANE": 0,
        "VALID": 0,
        "total": 1446
    },
    "percentage": {
        "ACTIVE": 99.51590594744121,
        "INACTIVE": 0.5957446808510638,
        "INVALID": 0,
        "MALICIOUS": 0,
        "SANE": 0,
        "VALID": 0,
        "total": 100.11165062829228
    }
}