{
    "counter": {
        "ACTIVE": 3033,
        "INACTIVE": 2,
        "INVALID": 0,
        "MALICIOUS": 0,
        "SANE": 0,
        "VALID": 0,
        "total": 3035
    },
    "percentage": {
        "ACTIVE": 99.9341021416804,
        "INACTIVE": 0.23952095808383234,
        "INVALID": 0,
        "MALICIOUS": 0,
        "SANE": 0,
        "VALID": 0,
        "total": 100.17362309976423
    }
}