{
    "counter": {
        "ACTIVE": 453,
        "INACTIVE": 2,
        "INVALID": 0,
        "MALICIOUS": 0,
        "SANE": 0,
        "VALID": 0,
        "total": 455
    },
    "percentage": {
        "ACTIVE": 99.56043956043956,
        "INACTIVE": 0.5714285714285714,
        "INVALID": 0,
        "MALICIOUS": 0,
        "SANE": 0,
        "VALID": 0,
        "total": 100.13186813186813
    }
}