{
    "counter": {
        "ACTIVE": 3785,
        "INACTIVE": 1,
        "INVALID": 0,
        "MALICIOUS": 0,
        "SANE": 0,
        "VALID": 0,
        "total": 3786
    },
    "percentage": {
        "ACTIVE": 99.97358689910196,
        "INACTIVE": 0.1620745542949757,
        "INVALID": 0,
        "MALICIOUS": 0,
        "SANE": 0,
        "VALID": 0,
        "total": 100.13566145339693
    }
}