{
    "counter": {
        "ACTIVE": 3213,
        "INACTIVE": 6,
        "INVALID": 0,
        "MALICIOUS": 0,
        "SANE": 0,
        "VALID": 0,
        "total": 3219
    },
    "percentage": {
        "ACTIVE": 99.81360671015844,
        "INACTIVE": 0.1932367149758454,
        "INVALID": 0,
        "MALICIOUS": 0,
        "SANE": 0,
        "VALID": 0,
        "total": 100.00684342513428
    }
}