{
    "counter": {
        "ACTIVE": 2995,
        "INACTIVE": 28,
        "INVALID": 0,
        "MALICIOUS": 0,
        "SANE": 0,
        "VALID": 0,
        "total": 3023
    },
    "percentage": {
        "ACTIVE": 99.07376778035065,
        "INACTIVE": 2.014388489208633,
        "INVALID": 0,
        "MALICIOUS": 0,
        "SANE": 0,
        "VALID": 0,
        "total": 101.08815626955928
    }
}