{
    "counter": {
        "ACTIVE": 1297,
        "INACTIVE": 49,
        "INVALID": 0,
        "MALICIOUS": 0,
        "SANE": 0,
        "VALID": 0,
        "total": 1346
    },
    "percentage": {
        "ACTIVE": 96.35958395245171,
        "INACTIVE": 3.723404255319149,
        "INVALID": 0,
        "MALICIOUS": 0,
        "SANE": 0,
        "VALID": 0,
        "total": 100.08298820777087
    }
}