{
    "counter": {
        "ACTIVE": 3666,
        "INACTIVE": 7,
        "INVALID": 0,
        "MALICIOUS": 0,
        "SANE": 0,
        "VALID": 0,
        "total": 3673
    },
    "percentage": {
        "ACTIVE": 99.80942009256738,
        "INACTIVE": 1.192504258943782,
        "INVALID": 0,
        "MALICIOUS": 0,
        "SANE": 0,
        "VALID": 0,
        "total": 101.00192435151116
    }
}