{
    "counter": {
        "ACTIVE": 1710,
        "INACTIVE": 99,
        "INVALID": 0,
        "MALICIOUS": 0,
        "SANE": 0,
        "VALID": 0,
        "total": 1809
    },
    "percentage": {
        "ACTIVE": 94.5273631840796,
        "INACTIVE": 6.702775897088693,
        "INVALID": 0,
        "MALICIOUS": 0,
        "SANE": 0,
        "VALID": 0,
        "total": 101.2301390811683
    }
}