{
    "counter": {
        "ACTIVE": 3910,
        "INACTIVE": 400,
        "INVALID": 0,
        "MALICIOUS": 0,
        "SANE": 0,
        "VALID": 0,
        "total": 4310
    },
    "percentage": {
        "ACTIVE": 90.71925754060325,
        "INACTIVE": 9.282896263634253,
        "INVALID": 0,
        "MALICIOUS": 0,
        "SANE": 0,
        "VALID": 0,
        "total": 100.00215380423751
    }
}