{
    "counter": {
        "ACTIVE": 3214,
        "INACTIVE": 3,
        "INVALID": 0,
        "MALICIOUS": 0,
        "SANE": 0,
        "VALID": 0,
        "total": 3217
    },
    "percentage": {
        "ACTIVE": 99.90674541498291,
        "INACTIVE": 0.5747126436781609,
        "INVALID": 0,
        "MALICIOUS": 0,
        "SANE": 0,
        "VALID": 0,
        "total": 100.48145805866106
    }
}