{
    "counter": {
        "ACTIVE": 3012,
        "INACTIVE": 5,
        "INVALID": 0,
        "MALICIOUS": 0,
        "SANE": 0,
        "VALID": 0,
        "total": 3017
    },
    "percentage": {
        "ACTIVE": 99.8342724560822,
        "INACTIVE": 0.1676727028839705,
        "INVALID": 0,
        "MALICIOUS": 0,
        "SANE": 0,
        "VALID": 0,
        "total": 100.00194515896618
    }
}