{
    "counter": {
        "ACTIVE": 3652,
        "INACTIVE": 121,
        "INVALID": 0,
        "MALICIOUS": 0,
        "SANE": 0,
        "VALID": 0,
        "total": 3773
    },
    "percentage": {
        "ACTIVE": 96.7930029154519,
        "INACTIVE": 7.992073976221929,
        "INVALID": 0,
        "MALICIOUS": 0,
        "SANE": 0,
        "VALID": 0,
        "total": 104.78507689167382
    }
}