{
    "counter": {
        "ACTIVE": 1450,
        "INACTIVE": 121,
        "INVALID": 0,
        "MALICIOUS": 0,
        "SANE": 0,
        "VALID": 0,
        "total": 1571
    },
    "percentage": {
        "ACTIVE": 92.29789942711649,
        "INACTIVE": 7.992073976221929,
        "INVALID": 0,
        "MALICIOUS": 0,
        "SANE": 0,
        "VALID": 0,
        "total": 100.28997340333842
    }
}