{
    "counter": {
        "ACTIVE": 3783,
        "INACTIVE": 1,
        "INVALID": 0,
        "MALICIOUS": 0,
        "SANE": 0,
        "VALID": 0,
        "total": 3784
    },
    "percentage": {
        "ACTIVE": 99.97357293868922,
        "INACTIVE": 0.033783783783783786,
        "INVALID": 0,
        "MALICIOUS": 0,
        "SANE": 0,
        "VALID": 0,
        "total": 100.007356722473
    }
}