{
    "counter": {
        "ACTIVE": 3762,
        "INACTIVE": 1,
        "INVALID": 0,
        "MALICIOUS": 0,
        "SANE": 0,
        "VALID": 0,
        "total": 3763
    },
    "percentage": {
        "ACTIVE": 99.97342545841084,
        "INACTIVE": 0.07407407407407407,
        "INVALID": 0,
        "MALICIOUS": 0,
        "SANE": 0,
        "VALID": 0,
        "total": 100.04749953248492
    }
}