{
    "counter": {
        "ACTIVE": 3535,
        "INACTIVE": 364,
        "INVALID": 0,
        "MALICIOUS": 0,
        "SANE": 0,
        "VALID": 0,
        "total": 3899
    },
    "percentage": {
        "ACTIVE": 90.66427289048474,
        "INACTIVE": 9.405684754521964,
        "INVALID": 0,
        "MALICIOUS": 0,
        "SANE": 0,
        "VALID": 0,
        "total": 100.0699576450067
    }
}