{
    "counter": {
        "ACTIVE": 2678,
        "INACTIVE": 1,
        "INVALID": 0,
        "MALICIOUS": 0,
        "SANE": 0,
        "VALID": 0,
        "total": 2679
    },
    "percentage": {
        "ACTIVE": 99.96267263904441,
        "INACTIVE": 0.08110300081103,
        "INVALID": 0,
        "MALICIOUS": 0,
        "SANE": 0,
        "VALID": 0,
        "total": 100.04377563985544
    }
}