{
    "counter": {
        "ACTIVE": 2945,
        "INACTIVE": 2,
        "INVALID": 0,
        "MALICIOUS": 0,
        "SANE": 0,
        "VALID": 0,
        "total": 2947
    },
    "percentage": {
        "ACTIVE": 99.9321343739396,
        "INACTIVE": 0.0681663258350375,
        "INVALID": 0,
        "MALICIOUS": 0,
        "SANE": 0,
        "VALID": 0,
        "total": 100.00030069977464
    }
}