{
    "counter": {
        "ACTIVE": 435,
        "INACTIVE": 14,
        "INVALID": 0,
        "MALICIOUS": 0,
        "SANE": 0,
        "VALID": 0,
        "total": 449
    },
    "percentage": {
        "ACTIVE": 96.88195991091314,
        "INACTIVE": 3.8251366120218577,
        "INVALID": 0,
        "MALICIOUS": 0,
        "SANE": 0,
        "VALID": 0,
        "total": 100.70709652293499
    }
}