{
    "counter": {
        "ACTIVE": 2040,
        "INACTIVE": 1,
        "INVALID": 0,
        "MALICIOUS": 0,
        "SANE": 0,
        "VALID": 0,
        "total": 2041
    },
    "percentage": {
        "ACTIVE": 99.95100440960313,
        "INACTIVE": 0.18050541516245489,
        "INVALID": 0,
        "MALICIOUS": 0,
        "SANE": 0,
        "VALID": 0,
        "total": 100.13150982476559
    }
}