{
    "counter": {
        "ACTIVE": 2100,
        "INACTIVE": 2,
        "INVALID": 0,
        "MALICIOUS": 0,
        "SANE": 0,
        "VALID": 0,
        "total": 2102
    },
    "percentage": {
        "ACTIVE": 99.90485252140819,
        "INACTIVE": 0.2604166666666667,
        "INVALID": 0,
        "MALICIOUS": 0,
        "SANE": 0,
        "VALID": 0,
        "total": 100.16526918807486
    }
}