{
    "counter": {
        "ACTIVE": 3551,
        "INACTIVE": 6,
        "INVALID": 0,
        "MALICIOUS": 0,
        "SANE": 0,
        "VALID": 0,
        "total": 3557
    },
    "percentage": {
        "ACTIVE": 99.83131852684846,
        "INACTIVE": 0.1932367149758454,
        "INVALID": 0,
        "MALICIOUS": 0,
        "SANE": 0,
        "VALID": 0,
        "total": 100.0245552418243
    }
}