{
    "counter": {
        "ACTIVE": 2635,
        "INACTIVE": 26,
        "INVALID": 0,
        "MALICIOUS": 0,
        "SANE": 0,
        "VALID": 0,
        "total": 2661
    },
    "percentage": {
        "ACTIVE": 99.02292371288989,
        "INACTIVE": 1.0317460317460319,
        "INVALID": 0,
        "MALICIOUS": 0,
        "SANE": 0,
        "VALID": 0,
        "total": 100.05466974463593
    }
}