{
    "counter": {
        "ACTIVE": 1871,
        "INACTIVE": 108,
        "INVALID": 0,
        "MALICIOUS": 0,
        "SANE": 0,
        "VALID": 0,
        "total": 1979
    },
    "percentage": {
        "ACTIVE": 94.54269833249116,
        "INACTIVE": 6.5974343310934636,
        "INVALID": 0,
        "MALICIOUS": 0,
        "SANE": 0,
        "VALID": 0,
        "total": 101.14013266358462
    }
}