{
    "counter": {
        "ACTIVE": 3635,
        "INACTIVE": 17,
        "INVALID": 0,
        "MALICIOUS": 0,
        "SANE": 0,
        "VALID": 0,
        "total": 3652
    },
    "percentage": {
        "ACTIVE": 99.53450164293538,
        "INACTIVE": 1.9976498237367804,
        "INVALID": 0,
        "MALICIOUS": 0,
        "SANE": 0,
        "VALID": 0,
        "total": 101.53215146667216
    }
}