{
    "counter": {
        "ACTIVE": 3519,
        "INACTIVE": 138,
        "INVALID": 0,
        "MALICIOUS": 0,
        "SANE": 0,
        "VALID": 0,
        "total": 3657
    },
    "percentage": {
        "ACTIVE": 96.22641509433963,
        "INACTIVE": 9.120951751487112,
        "INVALID": 0,
        "MALICIOUS": 0,
        "SANE": 0,
        "VALID": 0,
        "total": 105.34736684582674
    }
}