{
    "counter": {
        "ACTIVE": 2033,
        "INACTIVE": 3,
        "INVALID": 0,
        "MALICIOUS": 0,
        "SANE": 0,
        "VALID": 0,
        "total": 2036
    },
    "percentage": {
        "ACTIVE": 99.85265225933202,
        "INACTIVE": 0.5747126436781609,
        "INVALID": 0,
        "MALICIOUS": 0,
        "SANE": 0,
        "VALID": 0,
        "total": 100.42736490301017
    }
}