{
    "counter": {
        "ACTIVE": 601,
        "INACTIVE": 26,
        "INVALID": 0,
        "MALICIOUS": 0,
        "SANE": 0,
        "VALID": 0,
        "total": 627
    },
    "percentage": {
        "ACTIVE": 95.85326953748006,
        "INACTIVE": 4.283360790774299,
        "INVALID": 0,
        "MALICIOUS": 0,
        "SANE": 0,
        "VALID": 0,
        "total": 100.13663032825436
    }
}