{
    "counter": {
        "ACTIVE": 3747,
        "INACTIVE": 8,
        "INVALID": 0,
        "MALICIOUS": 0,
        "SANE": 0,
        "VALID": 0,
        "total": 3755
    },
    "percentage": {
        "ACTIVE": 99.78695073235686,
        "INACTIVE": 0.2709109380291229,
        "INVALID": 0,
        "MALICIOUS": 0,
        "SANE": 0,
        "VALID": 0,
        "total": 100.05786167038598
    }
}