{
    "counter": {
        "ACTIVE": 1646,
        "INACTIVE": 23,
        "INVALID": 0,
        "MALICIOUS": 0,
        "SANE": 0,
        "VALID": 0,
        "total": 1669
    },
    "percentage": {
        "ACTIVE": 98.62192929898143,
        "INACTIVE": 1.6288951841359773,
        "INVALID": 0,
        "MALICIOUS": 0,
        "SANE": 0,
        "VALID": 0,
        "total": 100.2508244831174
    }
}