{
    "counter": {
        "ACTIVE": 3210,
        "INACTIVE": 2,
        "INVALID": 0,
        "MALICIOUS": 0,
        "SANE": 0,
        "VALID": 0,
        "total": 3212
    },
    "percentage": {
        "ACTIVE": 99.93773349937733,
        "INACTIVE": 0.06508298080052066,
        "INVALID": 0,
        "MALICIOUS": 0,
        "SANE": 0,
        "VALID": 0,
        "total": 100.00281648017786
    }
}