{
    "counter": {
        "ACTIVE": 3508,
        "INACTIVE": 2,
        "INVALID": 0,
        "MALICIOUS": 0,
        "SANE": 0,
        "VALID": 0,
        "total": 3510
    },
    "percentage": {
        "ACTIVE": 99.94301994301995,
        "INACTIVE": 0.06480881399870382,
        "INVALID": 0,
        "MALICIOUS": 0,
        "SANE": 0,
        "VALID": 0,
        "total": 100.00782875701866
    }
}