{
    "counter": {
        "ACTIVE": 3758,
        "INACTIVE": 3,
        "INVALID": 0,
        "MALICIOUS": 0,
        "SANE": 0,
        "VALID": 0,
        "total": 3761
    },
    "percentage": {
        "ACTIVE": 99.92023398032438,
        "INACTIVE": 0.09845749917952085,
        "INVALID": 0,
        "MALICIOUS": 0,
        "SANE": 0,
        "VALID": 0,
        "total": 100.0186914795039
    }
}