{
    "counter": {
        "ACTIVE": 2889,
        "INACTIVE": 7,
        "INVALID": 0,
        "MALICIOUS": 0,
        "SANE": 0,
        "VALID": 0,
        "total": 2896
    },
    "percentage": {
        "ACTIVE": 99.75828729281768,
        "INACTIVE": 0.5957446808510638,
        "INVALID": 0,
        "MALICIOUS": 0,
        "SANE": 0,
        "VALID": 0,
        "total": 100.35403197366875
    }
}