{
    "counter": {
        "ACTIVE": 3412,
        "INACTIVE": 4,
        "INVALID": 0,
        "MALICIOUS": 0,
        "SANE": 0,
        "VALID": 0,
        "total": 3416
    },
    "percentage": {
        "ACTIVE": 99.88290398126463,
        "INACTIVE": 0.12991230919129587,
        "INVALID": 0,
        "MALICIOUS": 0,
        "SANE": 0,
        "VALID": 0,
        "total": 100.01281629045593
    }
}