{
    "counter": {
        "ACTIVE": 3139,
        "INACTIVE": 2,
        "INVALID": 0,
        "MALICIOUS": 0,
        "SANE": 0,
        "VALID": 0,
        "total": 3141
    },
    "percentage": {
        "ACTIVE": 99.93632601082457,
        "INACTIVE": 0.2604166666666667,
        "INVALID": 0,
        "MALICIOUS": 0,
        "SANE": 0,
        "VALID": 0,
        "total": 100.19674267749124
    }
}