{
    "counter": {
        "ACTIVE": 3777,
        "INACTIVE": 2,
        "INVALID": 0,
        "MALICIOUS": 0,
        "SANE": 0,
        "VALID": 0,
        "total": 3779
    },
    "percentage": {
        "ACTIVE": 99.94707594601746,
        "INACTIVE": 0.23952095808383234,
        "INVALID": 0,
        "MALICIOUS": 0,
        "SANE": 0,
        "VALID": 0,
        "total": 100.1865969041013
    }
}