{
    "counter": {
        "ACTIVE": 3786,
        "INACTIVE": 20,
        "INVALID": 0,
        "MALICIOUS": 0,
        "SANE": 0,
        "VALID": 0,
        "total": 3806
    },
    "percentage": {
        "ACTIVE": 99.47451392538098,
        "INACTIVE": 1.443001443001443,
        "INVALID": 0,
        "MALICIOUS": 0,
        "SANE": 0,
        "VALID": 0,
        "total": 100.91751536838242
    }
}