{
    "counter": {
        "ACTIVE": 3196,
        "INACTIVE": 8,
        "INVALID": 0,
        "MALICIOUS": 0,
        "SANE": 0,
        "VALID": 0,
        "total": 3204
    },
    "percentage": {
        "ACTIVE": 99.75031210986268,
        "INACTIVE": 0.2709109380291229,
        "INVALID": 0,
        "MALICIOUS": 0,
        "SANE": 0,
        "VALID": 0,
        "total": 100.0212230478918
    }
}