{
    "counter": {
        "ACTIVE": 3392,
        "INACTIVE": 130,
        "INVALID": 0,
        "MALICIOUS": 0,
        "SANE": 0,
        "VALID": 0,
        "total": 3522
    },
    "percentage": {
        "ACTIVE": 96.30891538898354,
        "INACTIVE": 8.58085808580858,
        "INVALID": 0,
        "MALICIOUS": 0,
        "SANE": 0,
        "VALID": 0,
        "total": 104.88977347479212
    }
}