{
    "counter": {
        "ACTIVE": 3161,
        "INACTIVE": 1,
        "INVALID": 0,
        "MALICIOUS": 0,
        "SANE": 0,
        "VALID": 0,
        "total": 3162
    },
    "percentage": {
        "ACTIVE": 99.96837444655282,
        "INACTIVE": 0.03855050115651504,
        "INVALID": 0,
        "MALICIOUS": 0,
        "SANE": 0,
        "VALID": 0,
        "total": 100.00692494770934
    }
}