{
    "counter": {
        "ACTIVE": 3784,
        "INACTIVE": 6,
        "INVALID": 0,
        "MALICIOUS": 0,
        "SANE": 0,
        "VALID": 0,
        "total": 3790
    },
    "percentage": {
        "ACTIVE": 99.84168865435356,
        "INACTIVE": 0.19398642095053345,
        "INVALID": 0,
        "MALICIOUS": 0,
        "SANE": 0,
        "VALID": 0,
        "total": 100.0356750753041
    }
}