{
    "counter": {
        "ACTIVE": 3249,
        "INACTIVE": 28,
        "INVALID": 0,
        "MALICIOUS": 0,
        "SANE": 0,
        "VALID": 0,
        "total": 3277
    },
    "percentage": {
        "ACTIVE": 99.14555996338115,
        "INACTIVE": 0.8547008547008547,
        "INVALID": 0,
        "MALICIOUS": 0,
        "SANE": 0,
        "VALID": 0,
        "total": 100.000260818082
    }
}