{
    "counter": {
        "ACTIVE": 848,
        "INACTIVE": 6,
        "INVALID": 0,
        "MALICIOUS": 0,
        "SANE": 0,
        "VALID": 0,
        "total": 854
    },
    "percentage": {
        "ACTIVE": 99.29742388758783,
        "INACTIVE": 1.0526315789473684,
        "INVALID": 0,
        "MALICIOUS": 0,
        "SANE": 0,
        "VALID": 0,
        "total": 100.3500554665352
    }
}