{
    "counter": {
        "ACTIVE": 3100,
        "INACTIVE": 1,
        "INVALID": 0,
        "MALICIOUS": 0,
        "SANE": 0,
        "VALID": 0,
        "total": 3101
    },
    "percentage": {
        "ACTIVE": 99.9677523379555,
        "INACTIVE": 0.03554923569143263,
        "INVALID": 0,
        "MALICIOUS": 0,
        "SANE": 0,
        "VALID": 0,
        "total": 100.00330157364694
    }
}