{
    "counter": {
        "1API GmbH": 1,
        "Dynadot LLC": 1,
        "GoDaddy.com, LLC": 4,
        "PDR Ltd. d/b/a PublicDomainRegistry.com": 1,
        "Porkbun": 1,
        "Rebel.ca Corp.": 1,
        "total": 9
    },
    "percentage": {
        "1API GmbH": 11.11111111111111,
        "Dynadot LLC": 11.11111111111111,
        "GoDaddy.com, LLC": 44.44444444444444,
        "PDR Ltd. d/b/a PublicDomainRegistry.com": 11.11111111111111,
        "Porkbun": 11.11111111111111,
        "Rebel.ca Corp.": 11.11111111111111,
        "total": 100.0
    }
}