{
    "counter": {
        "1API GmbH": 1,
        "GoDaddy.com, LLC": 3,
        "PDR Ltd. d/b/a PublicDomainRegistry.com": 1,
        "Porkbun": 1,
        "Rebel.ca Corp.": 1,
        "total": 7
    },
    "percentage": {
        "1API GmbH": 14.285714285714286,
        "GoDaddy.com, LLC": 42.857142857142854,
        "PDR Ltd. d/b/a PublicDomainRegistry.com": 14.285714285714286,
        "Porkbun": 14.285714285714286,
        "Rebel.ca Corp.": 14.285714285714286,
        "total": 100.00000000000001
    }
}